{"stats":{"minecraft:used":{"minecraft:wooden_pickaxe":14,"minecraft:iron_sword":86,"minecraft:cooked_salmon":8,"minecraft:crafting_table":3,"minecraft:iron_axe":130,"minecraft:bread":3,"minecraft:iron_pickaxe":11,"minecraft:dark_oak_boat":1},"minecraft:crafted":{"minecraft:dark_oak_boat":1,"minecraft:crafting_table":3,"minecraft:wooden_pickaxe":1,"minecraft:birch_planks":16,"minecraft:iron_axe":1,"minecraft:stick":8,"minecraft:iron_pickaxe":1,"minecraft:dark_oak_planks":16},"minecraft:picked_up":{"minecraft:birch_log":66,"born_in_chaos_v1:corpse_maggot":2,"minecraft:crafting_table":1,"minecraft:wheat":2,"minecraft:feather":2,"born_in_chaos_v1:monster_flesh":1,"minecraft:jungle_log":2,"minecraft:golden_boots":1,"minecraft:golden_sword":1,"minecraft:string":1,"minecraft:dirt":47,"born_in_chaos_v1:monster_skin":1,"minecraft:gold_nugget":1,"minecraft:iron_ingot":1,"minecraft:iron_pickaxe":1,"minecraft:sugar_cane":26,"minecraft:birch_sapling":1,"apotheosis:gem":3,"minecraft:acacia_log":1,"tombstone:grave_dust":1,"minecraft:carrot":1,"minecraft:dark_oak_log":32,"minecraft:spider_eye":2,"minecraft:arrow":2,"minecraft:rotten_flesh":3,"minecraft:chainmail_leggings":1,"minecraft:iron_helmet":1,"minecraft:crossbow":1,"minecraft:stripped_dark_oak_wood":4,"tombstone:magic_scroll":1,"minecraft:damaged_anvil":1,"minecraft:coal":3,"minecraft:cobblestone":22},"minecraft:dropped":{"minecraft:golden_boots":1,"minecraft:iron_nugget":1,"minecraft:birch_sapling":1,"minecraft:crossbow":1,"born_in_chaos_v1:monster_skin":1,"born_in_chaos_v1:corpse_maggot":2,"minecraft:golden_sword":1,"minecraft:spider_eye":1,"minecraft:gold_nugget":1,"minecraft:string":1},"minecraft:mined":{"born_in_chaos_v1:marigolds":1,"minecraft:dark_oak_leaves":2,"minecraft:dark_oak_log":32,"minecraft:oak_fence":1,"minecraft:crafting_table":1,"minecraft:grass_block":1,"minecraft:tall_grass":1,"minecraft:sugar_cane":10,"minecraft:damaged_anvil":1,"minecraft:spawner":5,"minecraft:seagrass":1,"minecraft:birch_log":71,"minecraft:birch_leaves":5,"minecraft:grass":2,"minecraft:coal_ore":3,"minecraft:stone":14},"minecraft:killed":{"born_in_chaos_v1:zombie_lumberjack":1,"born_in_chaos_v1:door_knight_not_despawn":1,"minecraft:spider":3,"majruszsdifficulty:cursed_armor":1,"born_in_chaos_v1:decrepit_skeleton":2,"born_in_chaos_v1:maggot":1,"minecraft:skeleton":1,"minecraft:zombie":6,"born_in_chaos_v1:dread_hound":1,"born_in_chaos_v1:corpse_fly":1,"minecraft:stray":1,"realmrpg_demons:chort":2,"minecraft:drowned":2,"minecraft:piglin_brute":4},"minecraft:custom":{"minecraft:mob_kills":27,"minecraft:interact_with_crafting_table":3,"minecraft:open_barrel":17,"minecraft:damage_dealt_resisted":1172,"minecraft:leave_game":1,"minecraft:time_since_death":43349,"minecraft:climb_one_cm":4746,"minecraft:damage_resisted":1219,"minecraft:time_since_rest":42815,"minecraft:sprint_one_cm":96495,"minecraft:damage_taken":1966,"minecraft:walk_one_cm":55102,"minecraft:drop":10,"minecraft:damage_dealt":5765,"minecraft:swim_one_cm":87478,"minecraft:fly_one_cm":136663,"minecraft:open_chest":28,"minecraft:crouch_one_cm":1074,"minecraft:play_time":44618,"tombstone:undead_killed":14,"minecraft:deaths":1,"minecraft:sneak_time":640,"minecraft:walk_under_water_one_cm":11302,"minecraft:boat_one_cm":169020,"minecraft:jump":651,"minecraft:walk_on_water_one_cm":36956,"minecraft:total_world_time":44618,"minecraft:fall_one_cm":14185},"minecraft:broken":{"minecraft:leather_chestplate":1}},"DataVersion":3465}