{"stats":{"minecraft:used":{"minecraft:iron_axe":43,"minecraft:bread":3,"minecraft:iron_pickaxe":6,"minecraft:wooden_pickaxe":14,"minecraft:iron_sword":11,"minecraft:cooked_salmon":2,"minecraft:crafting_table":2},"minecraft:crafted":{"minecraft:iron_axe":1,"minecraft:crafting_table":2,"minecraft:stick":8,"minecraft:wooden_pickaxe":1,"minecraft:iron_pickaxe":1,"minecraft:birch_planks":16},"minecraft:picked_up":{"minecraft:birch_log":23,"born_in_chaos_v1:corpse_maggot":2,"minecraft:crafting_table":1,"apotheosis:gem":2,"minecraft:wheat":2,"minecraft:feather":2,"born_in_chaos_v1:monster_flesh":1,"minecraft:jungle_log":2,"minecraft:acacia_log":1,"tombstone:grave_dust":1,"minecraft:dirt":46,"born_in_chaos_v1:monster_skin":1,"minecraft:arrow":2,"minecraft:iron_helmet":1,"minecraft:iron_ingot":1,"minecraft:crossbow":1,"minecraft:stripped_dark_oak_wood":4,"minecraft:damaged_anvil":1,"minecraft:sugar_cane":4,"minecraft:birch_sapling":1,"minecraft:coal":2,"minecraft:cobblestone":22},"minecraft:mined":{"minecraft:birch_log":23,"minecraft:birch_leaves":2,"minecraft:crafting_table":1,"minecraft:grass":1,"minecraft:coal_ore":3,"minecraft:stone":14,"minecraft:damaged_anvil":1,"minecraft:sugar_cane":2,"minecraft:spawner":2},"minecraft:killed":{"born_in_chaos_v1:dread_hound":1,"born_in_chaos_v1:zombie_lumberjack":1,"born_in_chaos_v1:corpse_fly":1,"minecraft:stray":1,"realmrpg_demons:chort":1,"minecraft:spider":1,"minecraft:drowned":1,"minecraft:piglin_brute":4},"minecraft:custom":{"minecraft:time_since_rest":18815,"minecraft:sprint_one_cm":38280,"minecraft:damage_taken":1139,"minecraft:walk_one_cm":34258,"minecraft:mob_kills":11,"minecraft:damage_dealt":2287,"minecraft:interact_with_crafting_table":2,"minecraft:swim_one_cm":2772,"minecraft:fly_one_cm":65179,"minecraft:open_barrel":4,"minecraft:open_chest":3,"minecraft:crouch_one_cm":990,"minecraft:play_time":20618,"tombstone:undead_killed":3,"minecraft:deaths":1,"minecraft:sneak_time":398,"minecraft:walk_under_water_one_cm":1293,"minecraft:jump":302,"minecraft:leave_game":1,"minecraft:walk_on_water_one_cm":3407,"minecraft:time_since_death":19349,"minecraft:climb_one_cm":4096,"minecraft:total_world_time":20618,"minecraft:damage_resisted":601,"minecraft:fall_one_cm":7495}},"DataVersion":3465}