{"stats":{"minecraft:used":{"minecraft:iron_sword":218,"minecraft:birch_boat":2,"minecraft:wooden_pickaxe":14,"tombstone:lollipop":1,"minecraft:cooked_salmon":11,"minecraft:white_wool":5,"minecraft:dirt":1,"minecraft:crafting_table":4,"minecraft:dark_oak_planks":135,"minecraft:diamond_pickaxe":43,"minecraft:apple":5,"minecraft:iron_axe":130,"minecraft:bread":3,"minecraft:iron_pickaxe":51,"minecraft:cobblestone":26,"minecraft:dark_oak_boat":1,"travelersbackpack:standard":3,"minecraft:cobbled_deepslate":1},"minecraft:crafted":{"inventorypets:pet_loot":1,"minecraft:dark_oak_boat":1,"minecraft:crafting_table":4,"minecraft:wooden_pickaxe":1,"minecraft:birch_boat":2,"minecraft:birch_planks":48,"minecraft:diamond_pickaxe":1,"minecraft:gold_nugget":9,"minecraft:iron_axe":1,"minecraft:stick":12,"minecraft:iron_pickaxe":1,"minecraft:gold_ingot":9,"minecraft:dark_oak_planks":144},"minecraft:picked_up":{"minecraft:birch_log":66,"born_in_chaos_v1:corpse_maggot":4,"minecraft:crafting_table":1,"minecraft:wheat":19,"minecraft:leather_chestplate":1,"minecraft:feather":2,"born_in_chaos_v1:monster_flesh":1,"minecraft:glow_ink_sac":3,"minecraft:jungle_log":2,"minecraft:gold_block":1,"minecraft:chainmail_chestplate":2,"minecraft:shield":5,"minecraft:golden_boots":1,"minecraft:golden_sword":1,"minecraft:string":1,"minecraft:dirt":49,"born_in_chaos_v1:monster_skin":1,"minecraft:gold_nugget":1,"minecraft:cobbled_deepslate":12,"minecraft:iron_ingot":25,"minecraft:iron_pickaxe":1,"minecraft:sugar_cane":26,"minecraft:birch_sapling":1,"apotheosis:gem":11,"minecraft:acacia_log":1,"tombstone:grave_dust":1,"minecraft:carrot":2,"minecraft:redstone":14,"minecraft:dark_oak_log":32,"minecraft:spider_eye":3,"tombstone:lollipop":1,"minecraft:zombie_spawn_egg":2,"minecraft:arrow":2,"minecraft:rotten_flesh":16,"minecraft:diamond":20,"minecraft:chainmail_leggings":1,"minecraft:iron_helmet":1,"minecraft:crossbow":1,"minecraft:granite":1,"minecraft:stripped_dark_oak_wood":4,"tombstone:essence_of_undeath":1,"minecraft:gold_ingot":18,"tombstone:magic_scroll":1,"minecraft:damaged_anvil":1,"minecraft:cod":2,"minecraft:coal":29,"minecraft:rail":2,"minecraft:cobblestone":28},"minecraft:dropped":{"minecraft:golden_boots":1,"minecraft:iron_nugget":1,"minecraft:crossbow":1,"minecraft:cobbled_deepslate":2,"minecraft:crafting_table":1,"minecraft:birch_sapling":1,"minecraft:obsidian":3,"minecraft:granite":1,"minecraft:rail":2,"minecraft:stick":2,"minecraft:leather_chestplate":1,"minecraft:shield":4,"born_in_chaos_v1:monster_skin":1,"apotheosis:diamond_mining_arrow":1,"born_in_chaos_v1:corpse_maggot":4,"minecraft:snowball":8,"minecraft:spider_eye":2,"minecraft:golden_sword":1,"minecraft:gold_nugget":1,"minecraft:wooden_pickaxe":1,"minecraft:string":1},"minecraft:mined":{"minecraft:deepslate_redstone_ore":3,"minecraft:tuff":1,"born_in_chaos_v1:marigolds":1,"minecraft:dark_oak_leaves":2,"tetra:block_geode":1,"minecraft:dark_oak_log":32,"minecraft:crafting_table":1,"minecraft:oak_fence":1,"minecraft:granite":1,"minecraft:grass_block":1,"minecraft:cobblestone":1,"minecraft:tall_grass":1,"minecraft:sugar_cane":10,"minecraft:damaged_anvil":1,"minecraft:spawner":8,"minecraft:seagrass":1,"minecraft:tall_seagrass":1,"minecraft:birch_log":71,"minecraft:birch_leaves":5,"minecraft:gold_block":1,"minecraft:grass":2,"minecraft:mossy_stone_brick_stairs":1,"minecraft:mycelium":2,"minecraft:coal_ore":3,"minecraft:rail":1,"minecraft:dirt":1,"minecraft:cobweb":2,"minecraft:stone":19,"minecraft:stone_bricks":2,"minecraft:deepslate":28},"minecraft:killed":{"minecraft:husk":1,"minecraft:cave_spider":1,"born_in_chaos_v1:restless_spirit":1,"born_in_chaos_v1:zombie_lumberjack":1,"born_in_chaos_v1:baby_skeleton":1,"born_in_chaos_v1:door_knight_not_despawn":1,"minecraft:spider":6,"majruszsdifficulty:cursed_armor":5,"minecraft:cod":2,"born_in_chaos_v1:decrepit_skeleton":2,"born_in_chaos_v1:maggot":6,"minecraft:skeleton":3,"minecraft:zombie":14,"born_in_chaos_v1:dread_hound":1,"born_in_chaos_v1:corpse_fly":1,"minecraft:stray":2,"realmrpg_demons:chort":11,"minecraft:drowned":2,"minecraft:piglin_brute":4},"minecraft:custom":{"minecraft:mob_kills":67,"minecraft:interact_with_crafting_table":5,"minecraft:open_barrel":20,"minecraft:damage_dealt_resisted":1320,"minecraft:leave_game":2,"minecraft:time_since_death":77808,"minecraft:climb_one_cm":4746,"minecraft:damage_resisted":2299,"minecraft:time_since_rest":77274,"minecraft:sprint_one_cm":193758,"minecraft:damage_taken":3467,"minecraft:walk_one_cm":78966,"minecraft:drop":28,"tombstone:eaten_lollipop":1,"minecraft:damage_dealt":13675,"minecraft:swim_one_cm":191163,"minecraft:talked_to_villager":1,"minecraft:fly_one_cm":291066,"minecraft:open_chest":62,"minecraft:crouch_one_cm":3092,"minecraft:play_time":79077,"tombstone:undead_killed":27,"minecraft:deaths":1,"minecraft:sneak_time":1579,"minecraft:walk_under_water_one_cm":41352,"minecraft:boat_one_cm":406885,"minecraft:jump":1400,"minecraft:walk_on_water_one_cm":92079,"minecraft:total_world_time":79077,"minecraft:fall_one_cm":32296},"minecraft:broken":{"minecraft:iron_helmet":1,"minecraft:leather_chestplate":1}},"DataVersion":3465}