{"stats":{"minecraft:used":{"minecraft:shield":1,"minecraft:iron_sword":282,"tombstone:lollipop":2,"minecraft:cooked_salmon":11,"minecraft:dirt":1,"minecraft:dark_oak_planks":135,"minecraft:iron_axe":132,"minecraft:dark_oak_boat":1,"minecraft:cobbled_deepslate":1,"minecraft:water_bucket":6,"minecraft:wooden_pickaxe":14,"minecraft:birch_boat":2,"minecraft:white_wool":5,"minecraft:crafting_table":4,"minecraft:diamond_pickaxe":120,"minecraft:apple":11,"minecraft:bread":3,"minecraft:iron_pickaxe":59,"minecraft:cobblestone":26,"travelersbackpack:standard":4,"minecraft:bucket":6,"minecraft:birch_log":1},"minecraft:crafted":{"inventorypets:pet_loot":1,"minecraft:dark_oak_boat":1,"minecraft:birch_boat":2,"minecraft:iron_axe":1,"minecraft:dark_oak_planks":144,"minecraft:crafting_table":4,"minecraft:wooden_pickaxe":1,"minecraft:bucket":1,"minecraft:birch_planks":48,"minecraft:diamond_pickaxe":1,"minecraft:gold_nugget":9,"minecraft:stick":12,"minecraft:iron_pickaxe":1,"minecraft:gold_ingot":9},"minecraft:picked_up":{"minecraft:charcoal":1,"minecraft:crafting_table":1,"minecraft:wheat":23,"minecraft:gold_block":1,"minecraft:golden_sword":1,"minecraft:shield":5,"minecraft:string":26,"minecraft:iron_axe":2,"minecraft:gold_nugget":1,"minecraft:cobbled_deepslate":30,"minecraft:iron_pickaxe":1,"minecraft:sugar_cane":26,"minecraft:birch_sapling":1,"apotheosis:gem":13,"minecraft:acacia_log":1,"tombstone:grave_dust":1,"minecraft:carrot":3,"minecraft:redstone":14,"tombstone:lollipop":2,"minecraft:zombie_spawn_egg":2,"minecraft:arrow":2,"minecraft:rotten_flesh":25,"minecraft:stripped_dark_oak_wood":4,"minecraft:gold_ingot":42,"tombstone:essence_of_undeath":1,"minecraft:obsidian":34,"minecraft:cod":2,"minecraft:rail":2,"minecraft:cobblestone":28,"minecraft:birch_log":66,"born_in_chaos_v1:corpse_maggot":4,"minecraft:leather_chestplate":2,"minecraft:feather":2,"born_in_chaos_v1:monster_flesh":1,"minecraft:glow_ink_sac":3,"minecraft:jungle_log":2,"minecraft:chainmail_chestplate":2,"minecraft:golden_boots":1,"minecraft:lapis_lazuli":48,"minecraft:dirt":49,"born_in_chaos_v1:monster_skin":1,"minecraft:iron_ingot":37,"minecraft:dark_oak_log":32,"minecraft:spider_eye":3,"minecraft:diamond":30,"minecraft:chainmail_leggings":1,"minecraft:iron_helmet":1,"minecraft:crossbow":1,"minecraft:granite":1,"tombstone:magic_scroll":1,"minecraft:damaged_anvil":1,"minecraft:coal":37,"minecraft:ender_pearl":2},"minecraft:dropped":{"minecraft:golden_boots":1,"minecraft:crafting_table":1,"minecraft:crossbow":1,"minecraft:cobblestone":2,"minecraft:granite":1,"minecraft:rail":2,"minecraft:stick":2,"born_in_chaos_v1:monster_skin":1,"minecraft:torch":12,"apotheosis:diamond_mining_arrow":1,"minecraft:snowball":8,"minecraft:gold_nugget":1,"minecraft:string":1,"minecraft:white_wool":7,"minecraft:iron_nugget":1,"minecraft:cobbled_deepslate":5,"minecraft:birch_sapling":1,"minecraft:obsidian":3,"minecraft:leather_chestplate":1,"minecraft:shield":4,"minecraft:charcoal":1,"born_in_chaos_v1:corpse_maggot":4,"minecraft:golden_sword":1,"minecraft:spider_eye":2,"minecraft:wooden_pickaxe":1},"minecraft:mined":{"minecraft:tuff":1,"minecraft:dark_oak_leaves":2,"tetra:block_geode":1,"minecraft:dark_oak_log":32,"minecraft:obsidian":35,"minecraft:granite":1,"minecraft:grass_block":1,"minecraft:spawner":10,"minecraft:tall_seagrass":1,"minecraft:gold_block":1,"minecraft:mossy_stone_brick_stairs":1,"minecraft:rail":1,"minecraft:stone":19,"minecraft:deepslate_redstone_ore":3,"born_in_chaos_v1:marigolds":1,"minecraft:oak_fence":1,"minecraft:crafting_table":1,"minecraft:tall_grass":1,"minecraft:cobblestone":1,"minecraft:sugar_cane":10,"minecraft:damaged_anvil":1,"minecraft:seagrass":1,"minecraft:birch_log":72,"minecraft:birch_leaves":5,"minecraft:grass":2,"minecraft:coal_ore":3,"minecraft:mycelium":2,"minecraft:dirt":1,"minecraft:cobweb":22,"minecraft:stone_bricks":2,"minecraft:deepslate":47},"minecraft:killed":{"minecraft:cave_spider":4,"born_in_chaos_v1:zombie_lumberjack":1,"born_in_chaos_v1:restless_spirit":1,"born_in_chaos_v1:door_knight_not_despawn":1,"minecraft:spider":6,"minecraft:cod":2,"born_in_chaos_v1:maggot":6,"minecraft:skeleton":3,"realmrpg_demons:chort":13,"minecraft:drowned":2,"minecraft:piglin_brute":4,"minecraft:husk":2,"born_in_chaos_v1:baby_skeleton":1,"majruszsdifficulty:cursed_armor":6,"minecraft:creeper":1,"born_in_chaos_v1:decrepit_skeleton":2,"minecraft:zombie":17,"born_in_chaos_v1:dread_hound":1,"born_in_chaos_v1:corpse_fly":1,"minecraft:stray":2,"minecraft:enderman":2},"minecraft:custom":{"minecraft:mob_kills":80,"minecraft:interact_with_crafting_table":5,"minecraft:open_barrel":20,"minecraft:damage_dealt_resisted":1320,"minecraft:leave_game":2,"minecraft:time_since_death":89808,"minecraft:climb_one_cm":4746,"minecraft:damage_resisted":2547,"minecraft:sprint_one_cm":286481,"minecraft:walk_one_cm":90613,"minecraft:drop":33,"tombstone:eaten_lollipop":2,"minecraft:talked_to_villager":1,"minecraft:play_time":91077,"minecraft:deaths":1,"minecraft:sneak_time":2674,"minecraft:walk_under_water_one_cm":41352,"minecraft:boat_one_cm":406885,"minecraft:jump":1615,"minecraft:walk_on_water_one_cm":102933,"minecraft:total_world_time":91077,"minecraft:time_since_rest":89274,"minecraft:damage_taken":3780,"minecraft:damage_dealt":16403,"minecraft:swim_one_cm":191163,"minecraft:fly_one_cm":328653,"minecraft:open_chest":69,"minecraft:crouch_one_cm":6052,"tombstone:undead_killed":31,"minecraft:fall_one_cm":33888},"minecraft:broken":{"minecraft:iron_boots":1,"minecraft:leather_chestplate":1,"minecraft:iron_sword":1,"minecraft:iron_helmet":1}},"DataVersion":3465}