{"stats":{"minecraft:picked_up":{"minecraft:feather":2},"minecraft:custom":{"minecraft:jump":98,"minecraft:time_since_rest":6815,"minecraft:crouch_one_cm":29,"minecraft:damage_dealt":25,"minecraft:damage_taken":280,"minecraft:leave_game":1,"minecraft:sprint_one_cm":9154,"minecraft:play_time":8618,"minecraft:walk_one_cm":7986,"minecraft:time_since_death":7349,"minecraft:deaths":1,"minecraft:sneak_time":43,"minecraft:total_world_time":8618,"minecraft:fall_one_cm":3425,"minecraft:fly_one_cm":23939}},"DataVersion":3465}