{"stats":{"minecraft:used":{"minecraft:wooden_pickaxe":14,"minecraft:iron_sword":53,"minecraft:cooked_salmon":5,"minecraft:crafting_table":2,"minecraft:iron_axe":129,"minecraft:bread":3,"minecraft:iron_pickaxe":10},"minecraft:crafted":{"minecraft:crafting_table":2,"minecraft:wooden_pickaxe":1,"minecraft:birch_planks":16,"minecraft:iron_axe":1,"minecraft:stick":8,"minecraft:iron_pickaxe":1,"minecraft:dark_oak_planks":16},"minecraft:picked_up":{"minecraft:birch_log":66,"born_in_chaos_v1:corpse_maggot":2,"minecraft:crafting_table":1,"minecraft:wheat":2,"minecraft:feather":2,"born_in_chaos_v1:monster_flesh":1,"minecraft:jungle_log":2,"minecraft:golden_boots":1,"minecraft:golden_sword":1,"minecraft:dirt":47,"born_in_chaos_v1:monster_skin":1,"minecraft:iron_ingot":1,"minecraft:sugar_cane":23,"minecraft:birch_sapling":1,"apotheosis:gem":2,"minecraft:acacia_log":1,"tombstone:grave_dust":1,"minecraft:carrot":1,"minecraft:dark_oak_log":32,"minecraft:arrow":2,"minecraft:rotten_flesh":3,"minecraft:iron_helmet":1,"minecraft:crossbow":1,"minecraft:stripped_dark_oak_wood":4,"minecraft:damaged_anvil":1,"minecraft:coal":3,"minecraft:cobblestone":22},"minecraft:dropped":{"minecraft:golden_boots":1,"minecraft:birch_sapling":1,"minecraft:crossbow":1,"born_in_chaos_v1:monster_skin":1,"born_in_chaos_v1:corpse_maggot":2,"minecraft:golden_sword":1},"minecraft:mined":{"born_in_chaos_v1:marigolds":1,"minecraft:dark_oak_leaves":2,"minecraft:dark_oak_log":32,"minecraft:crafting_table":1,"minecraft:grass_block":1,"minecraft:tall_grass":1,"minecraft:sugar_cane":9,"minecraft:damaged_anvil":1,"minecraft:spawner":5,"minecraft:birch_log":71,"minecraft:birch_leaves":5,"minecraft:grass":2,"minecraft:coal_ore":3,"minecraft:stone":14},"minecraft:killed":{"born_in_chaos_v1:zombie_lumberjack":1,"born_in_chaos_v1:door_knight_not_despawn":1,"minecraft:spider":2,"majruszsdifficulty:cursed_armor":1,"born_in_chaos_v1:decrepit_skeleton":2,"born_in_chaos_v1:dread_hound":1,"born_in_chaos_v1:corpse_fly":1,"minecraft:stray":1,"realmrpg_demons:chort":2,"minecraft:drowned":1,"minecraft:piglin_brute":4},"minecraft:custom":{"minecraft:mob_kills":17,"minecraft:interact_with_crafting_table":2,"minecraft:open_barrel":15,"minecraft:damage_dealt_resisted":1034,"minecraft:leave_game":1,"minecraft:time_since_death":31349,"minecraft:climb_one_cm":4172,"minecraft:damage_resisted":797,"minecraft:time_since_rest":30815,"minecraft:sprint_one_cm":79178,"minecraft:damage_taken":1400,"minecraft:walk_one_cm":49006,"minecraft:drop":6,"minecraft:damage_dealt":3662,"minecraft:swim_one_cm":29005,"minecraft:fly_one_cm":107067,"minecraft:open_chest":25,"minecraft:crouch_one_cm":1053,"minecraft:play_time":32618,"tombstone:undead_killed":6,"minecraft:deaths":1,"minecraft:sneak_time":451,"minecraft:walk_under_water_one_cm":5026,"minecraft:jump":509,"minecraft:walk_on_water_one_cm":14886,"minecraft:total_world_time":32618,"minecraft:fall_one_cm":11292}},"DataVersion":3465}