{"stats":{"minecraft:used":{"minecraft:birch_boat":1,"minecraft:wooden_pickaxe":14,"minecraft:iron_sword":106,"minecraft:cooked_salmon":10,"minecraft:white_wool":5,"minecraft:crafting_table":4,"minecraft:dark_oak_planks":135,"minecraft:iron_axe":130,"minecraft:bread":3,"minecraft:iron_pickaxe":13,"minecraft:dark_oak_boat":1},"minecraft:crafted":{"minecraft:dark_oak_boat":1,"minecraft:crafting_table":4,"minecraft:birch_boat":1,"minecraft:wooden_pickaxe":1,"minecraft:birch_planks":28,"minecraft:iron_axe":1,"minecraft:stick":8,"minecraft:iron_pickaxe":1,"minecraft:dark_oak_planks":144},"minecraft:picked_up":{"minecraft:birch_log":66,"born_in_chaos_v1:corpse_maggot":2,"minecraft:crafting_table":1,"minecraft:wheat":2,"minecraft:feather":2,"born_in_chaos_v1:monster_flesh":1,"minecraft:jungle_log":2,"minecraft:gold_block":1,"minecraft:golden_boots":1,"minecraft:golden_sword":1,"minecraft:string":1,"minecraft:dirt":47,"born_in_chaos_v1:monster_skin":1,"minecraft:gold_nugget":1,"minecraft:iron_ingot":1,"minecraft:iron_pickaxe":1,"minecraft:sugar_cane":26,"minecraft:birch_sapling":1,"apotheosis:gem":3,"minecraft:acacia_log":1,"tombstone:grave_dust":1,"minecraft:carrot":1,"minecraft:dark_oak_log":32,"minecraft:spider_eye":2,"minecraft:arrow":2,"minecraft:rotten_flesh":3,"minecraft:chainmail_leggings":1,"minecraft:iron_helmet":1,"minecraft:crossbow":1,"minecraft:stripped_dark_oak_wood":4,"tombstone:magic_scroll":1,"minecraft:damaged_anvil":1,"minecraft:cod":2,"minecraft:coal":3,"minecraft:cobblestone":22},"minecraft:dropped":{"minecraft:golden_boots":1,"minecraft:iron_nugget":1,"minecraft:birch_sapling":1,"minecraft:obsidian":3,"minecraft:crossbow":1,"born_in_chaos_v1:monster_skin":1,"born_in_chaos_v1:corpse_maggot":2,"minecraft:golden_sword":1,"minecraft:spider_eye":1,"minecraft:gold_nugget":1,"minecraft:string":1},"minecraft:mined":{"born_in_chaos_v1:marigolds":1,"minecraft:dark_oak_leaves":2,"minecraft:dark_oak_log":32,"minecraft:oak_fence":1,"minecraft:crafting_table":1,"minecraft:grass_block":1,"minecraft:tall_grass":1,"minecraft:sugar_cane":10,"minecraft:damaged_anvil":1,"minecraft:spawner":5,"minecraft:seagrass":1,"minecraft:tall_seagrass":1,"minecraft:birch_log":71,"minecraft:birch_leaves":5,"minecraft:gold_block":1,"minecraft:grass":2,"minecraft:mossy_stone_brick_stairs":1,"minecraft:coal_ore":3,"minecraft:stone":14},"minecraft:killed":{"born_in_chaos_v1:zombie_lumberjack":1,"born_in_chaos_v1:door_knight_not_despawn":1,"minecraft:spider":3,"majruszsdifficulty:cursed_armor":1,"minecraft:cod":2,"born_in_chaos_v1:decrepit_skeleton":2,"born_in_chaos_v1:maggot":1,"minecraft:skeleton":1,"minecraft:zombie":6,"born_in_chaos_v1:dread_hound":1,"born_in_chaos_v1:corpse_fly":1,"minecraft:stray":1,"realmrpg_demons:chort":2,"minecraft:drowned":2,"minecraft:piglin_brute":4},"minecraft:custom":{"minecraft:mob_kills":29,"minecraft:interact_with_crafting_table":5,"minecraft:open_barrel":18,"minecraft:damage_dealt_resisted":1172,"minecraft:leave_game":1,"minecraft:time_since_death":55349,"minecraft:climb_one_cm":4746,"minecraft:damage_resisted":1510,"minecraft:time_since_rest":54815,"minecraft:sprint_one_cm":112392,"minecraft:damage_taken":2350,"minecraft:walk_one_cm":56212,"minecraft:drop":11,"minecraft:damage_dealt":7111,"minecraft:swim_one_cm":153307,"minecraft:fly_one_cm":207348,"minecraft:open_chest":37,"minecraft:crouch_one_cm":2023,"minecraft:play_time":56618,"tombstone:undead_killed":14,"minecraft:deaths":1,"minecraft:sneak_time":1110,"minecraft:walk_under_water_one_cm":29400,"minecraft:boat_one_cm":243270,"minecraft:jump":987,"minecraft:walk_on_water_one_cm":68055,"minecraft:total_world_time":56618,"minecraft:fall_one_cm":20254},"minecraft:broken":{"minecraft:leather_chestplate":1}},"DataVersion":3465}