{"stats":{"minecraft:used":{"minecraft:birch_boat":2,"minecraft:wooden_pickaxe":14,"minecraft:iron_sword":112,"minecraft:cooked_salmon":11,"minecraft:white_wool":5,"minecraft:crafting_table":4,"minecraft:dark_oak_planks":135,"minecraft:apple":2,"minecraft:iron_axe":130,"minecraft:bread":3,"minecraft:iron_pickaxe":40,"minecraft:dark_oak_boat":1},"minecraft:crafted":{"inventorypets:pet_loot":1,"minecraft:dark_oak_boat":1,"minecraft:crafting_table":4,"minecraft:birch_boat":2,"minecraft:wooden_pickaxe":1,"minecraft:birch_planks":48,"minecraft:gold_nugget":9,"minecraft:iron_axe":1,"minecraft:stick":8,"minecraft:iron_pickaxe":1,"minecraft:gold_ingot":9,"minecraft:dark_oak_planks":144},"minecraft:picked_up":{"minecraft:birch_log":66,"born_in_chaos_v1:corpse_maggot":2,"minecraft:crafting_table":1,"minecraft:wheat":3,"minecraft:feather":2,"born_in_chaos_v1:monster_flesh":1,"minecraft:glow_ink_sac":3,"minecraft:jungle_log":2,"minecraft:gold_block":1,"minecraft:golden_boots":1,"minecraft:golden_sword":1,"minecraft:string":1,"minecraft:dirt":49,"born_in_chaos_v1:monster_skin":1,"minecraft:gold_nugget":1,"minecraft:cobbled_deepslate":7,"minecraft:iron_ingot":11,"minecraft:iron_pickaxe":1,"minecraft:sugar_cane":26,"minecraft:birch_sapling":1,"apotheosis:gem":3,"minecraft:acacia_log":1,"tombstone:grave_dust":1,"minecraft:carrot":1,"minecraft:dark_oak_log":32,"minecraft:spider_eye":2,"minecraft:arrow":2,"minecraft:rotten_flesh":3,"minecraft:diamond":2,"minecraft:chainmail_leggings":1,"minecraft:iron_helmet":1,"minecraft:crossbow":1,"minecraft:granite":1,"minecraft:stripped_dark_oak_wood":4,"minecraft:gold_ingot":2,"tombstone:magic_scroll":1,"minecraft:damaged_anvil":1,"minecraft:cod":2,"minecraft:coal":5,"minecraft:cobblestone":27},"minecraft:dropped":{"minecraft:golden_boots":1,"minecraft:iron_nugget":1,"minecraft:crafting_table":1,"minecraft:birch_sapling":1,"minecraft:obsidian":3,"minecraft:crossbow":1,"minecraft:granite":1,"born_in_chaos_v1:monster_skin":1,"apotheosis:diamond_mining_arrow":1,"born_in_chaos_v1:corpse_maggot":2,"minecraft:golden_sword":1,"minecraft:spider_eye":1,"minecraft:gold_nugget":1,"minecraft:wooden_pickaxe":1,"minecraft:string":1},"minecraft:mined":{"born_in_chaos_v1:marigolds":1,"minecraft:dark_oak_leaves":2,"minecraft:dark_oak_log":32,"minecraft:oak_fence":1,"minecraft:crafting_table":1,"minecraft:granite":1,"minecraft:grass_block":1,"minecraft:tall_grass":1,"minecraft:sugar_cane":10,"minecraft:damaged_anvil":1,"minecraft:spawner":5,"minecraft:seagrass":1,"minecraft:tall_seagrass":1,"minecraft:birch_log":71,"minecraft:birch_leaves":5,"minecraft:gold_block":1,"minecraft:mycelium":2,"minecraft:grass":2,"minecraft:mossy_stone_brick_stairs":1,"minecraft:coal_ore":3,"minecraft:dirt":1,"minecraft:stone":19,"minecraft:deepslate":10},"minecraft:killed":{"born_in_chaos_v1:zombie_lumberjack":1,"born_in_chaos_v1:door_knight_not_despawn":1,"minecraft:spider":3,"majruszsdifficulty:cursed_armor":1,"minecraft:cod":2,"born_in_chaos_v1:decrepit_skeleton":2,"born_in_chaos_v1:maggot":1,"minecraft:skeleton":1,"minecraft:zombie":6,"born_in_chaos_v1:dread_hound":1,"born_in_chaos_v1:corpse_fly":1,"minecraft:stray":1,"realmrpg_demons:chort":3,"minecraft:drowned":2,"minecraft:piglin_brute":4},"minecraft:custom":{"minecraft:mob_kills":30,"minecraft:interact_with_crafting_table":5,"minecraft:open_barrel":20,"minecraft:damage_dealt_resisted":1208,"minecraft:leave_game":1,"minecraft:time_since_death":67349,"minecraft:climb_one_cm":4746,"minecraft:damage_resisted":2006,"minecraft:time_since_rest":66815,"minecraft:sprint_one_cm":130412,"minecraft:damage_taken":3018,"minecraft:walk_one_cm":61783,"minecraft:drop":15,"minecraft:damage_dealt":7589,"minecraft:talked_to_villager":1,"minecraft:swim_one_cm":189827,"minecraft:fly_one_cm":263760,"minecraft:open_chest":41,"minecraft:crouch_one_cm":2128,"minecraft:play_time":68618,"tombstone:undead_killed":14,"minecraft:deaths":1,"minecraft:sneak_time":1394,"minecraft:walk_under_water_one_cm":41233,"minecraft:boat_one_cm":406885,"minecraft:jump":1186,"minecraft:walk_on_water_one_cm":89927,"minecraft:total_world_time":68618,"minecraft:fall_one_cm":29948},"minecraft:broken":{"minecraft:leather_chestplate":1}},"DataVersion":3465}