{"stats":{"minecraft:used":{"minecraft:apple":4,"minecraft:stone_sword":3,"minecraft:birch_planks":6,"minecraft:wooden_pickaxe":35,"minecraft:iron_sword":1,"tombstone:grave_key":3,"minecraft:jungle_boat":1,"minecraft:stone_axe":18,"minecraft:dirt":7,"minecraft:crafting_table":3,"minecraft:bucket":1,"tombstone:gift":2},"minecraft:crafted":{"minecraft:crafting_table":2,"minecraft:jungle_boat":1,"minecraft:stick":24,"minecraft:wooden_pickaxe":1,"minecraft:stone_pickaxe":1,"minecraft:stone_sword":1,"minecraft:dark_oak_planks":4,"minecraft:birch_planks":100,"minecraft:stone_axe":1,"minecraft:jungle_planks":8},"minecraft:picked_up":{"minecraft:birch_log":24,"minecraft:crafting_table":2,"minecraft:feather":2,"minecraft:salmon":1,"minecraft:shulker_spawn_egg":1,"minecraft:gunpowder":2,"minecraft:dirt":7,"tombstone:magic_scroll":1,"minecraft:cobblestone":18},"minecraft:dropped":{"minecraft:jungle_stairs":2,"minecraft:ladder":2,"tombstone:grave_dust":2,"minecraft:feather":2,"minecraft:jungle_planks":1},"minecraft:killed_by":{"minecraft:player":1},"minecraft:mined":{"minecraft:birch_log":24,"minecraft:birch_leaves":10,"minecraft:crafting_table":2,"minecraft:grass":2,"minecraft:grass_block":2,"minecraft:dirt":5,"minecraft:stone":18},"minecraft:killed":{"iceandfire:ghost":1,"minecraft:salmon":1,"minecraft:creeper":1},"minecraft:custom":{"minecraft:time_since_rest":5119,"minecraft:sprint_one_cm":48189,"minecraft:damage_taken":2067,"minecraft:walk_one_cm":38613,"minecraft:mob_kills":4,"minecraft:drop":6,"minecraft:damage_dealt":593,"minecraft:swim_one_cm":1728,"minecraft:interact_with_crafting_table":4,"minecraft:fly_one_cm":73307,"minecraft:open_chest":8,"minecraft:open_barrel":13,"minecraft:crouch_one_cm":3160,"minecraft:play_time":29471,"tombstone:undead_killed":1,"minecraft:deaths":6,"minecraft:sneak_time":1153,"minecraft:walk_under_water_one_cm":2722,"minecraft:boat_one_cm":19440,"minecraft:jump":341,"minecraft:damage_dealt_resisted":0,"minecraft:walk_on_water_one_cm":1009,"minecraft:time_since_death":5554,"minecraft:climb_one_cm":2939,"minecraft:total_world_time":29471,"minecraft:fall_one_cm":9313}},"DataVersion":3465}