{"stats":{"minecraft:used":{"minecraft:water_bucket":1,"minecraft:stone_sword":3,"minecraft:birch_planks":10,"minecraft:stone_pickaxe":16,"minecraft:chest":1,"minecraft:wooden_pickaxe":35,"minecraft:birch_boat":3,"minecraft:iron_sword":127,"minecraft:jungle_boat":1,"minecraft:golden_apple":1,"minecraft:dirt":8,"minecraft:crafting_table":6,"minecraft:black_bed":2,"born_in_chaos_v1:chipped_black_argillite_brick":1,"minecraft:apple":25,"minecraft:bread":6,"tombstone:magic_scroll":1,"tombstone:grave_key":3,"minecraft:stone_axe":40,"minecraft:cobblestone":4,"minecraft:bow":10,"minecraft:bucket":2,"born_in_chaos_v1:black_argillite_brick_slab":2,"tombstone:gift":4,"minecraft:trapped_chest":1},"minecraft:crafted":{"minecraft:crafting_table":4,"minecraft:jungle_boat":1,"minecraft:wooden_pickaxe":1,"minecraft:birch_boat":2,"minecraft:birch_planks":100,"minecraft:stone_axe":1,"minecraft:jungle_planks":8,"minecraft:stick":24,"minecraft:stone_pickaxe":1,"minecraft:stone_sword":1,"minecraft:chest":1,"minecraft:dark_oak_planks":4},"minecraft:picked_up":{"minecraft:birch_log":24,"majruszsdifficulty:tattered_boots":1,"minecraft:crafting_table":3,"minecraft:feather":2,"minecraft:water_bucket":1,"minecraft:salmon":1,"minecraft:black_bed":2,"minecraft:leather":5,"minecraft:birch_planks":3,"minecraft:enchanted_book":6,"minecraft:wither_rose":1,"minecraft:gunpowder":2,"minecraft:string":2,"minecraft:dirt":8,"tombstone:gift":1,"born_in_chaos_v1:intoxicating_decoction":1,"minecraft:bone":6,"minecraft:wheat_seeds":1,"minecraft:beef":7,"minecraft:iron_ingot":6,"born_in_chaos_v1:chipped_black_argillite_brick":1,"minecraft:iron_sword":1,"minecraft:book":57,"apotheosis:gem":4,"born_in_chaos_v1:zombie_clown_spawn_egg":1,"minecraft:birch_boat":1,"tombstone:grave_dust":3,"minecraft:shulker_spawn_egg":1,"born_in_chaos_v1:pieceofdarkmetal":3,"minecraft:trapped_chest":1,"minecraft:arrow":6,"minecraft:rotten_flesh":11,"born_in_chaos_v1:black_argillite_brick_slab":2,"tombstone:magic_scroll":2,"minecraft:cobblestone":19},"minecraft:dropped":{"minecraft:enchanted_book":2,"minecraft:water_bucket":1,"born_in_chaos_v1:intoxicating_decoction":1,"minecraft:iron_sword":1,"minecraft:wheat_seeds":1,"minecraft:birch_planks":3,"minecraft:stone_sword":1,"alexsmobs:animal_dictionary":1,"minecraft:cobblestone":7,"minecraft:feather":6,"minecraft:rotten_flesh":9,"iceandfire:amphithere_arrow":1,"minecraft:jungle_planks":1,"minecraft:salmon":1,"minecraft:diamond_horse_armor":1,"minecraft:gunpowder":3,"minecraft:jungle_stairs":2,"minecraft:ladder":2,"tombstone:grave_dust":2,"minecraft:wither_rose":1,"minecraft:beef":7,"minecraft:bone":4},"minecraft:killed_by":{"minecraft:player":1},"minecraft:mined":{"minecraft:crafting_table":3,"minecraft:grass_block":3,"born_in_chaos_v1:black_argillite":1,"minecraft:cobblestone":4,"born_in_chaos_v1:chipped_black_argillite_brick":1,"minecraft:spawner":5,"minecraft:magma_block":2,"minecraft:trapped_chest":1,"minecraft:birch_log":24,"born_in_chaos_v1:black_argillite_brick_slab":1,"minecraft:fire":2,"minecraft:birch_leaves":10,"minecraft:black_bed":2,"born_in_chaos_v1:black_argillite_brick":1,"minecraft:grass":5,"minecraft:bookshelf":21,"minecraft:dirt":5,"minecraft:red_mushroom_block":1,"minecraft:stone":18,"minecraft:oak_leaves":1},"minecraft:killed":{"born_in_chaos_v1:zombie_clown":1,"minecraft:husk":1,"minecraft:cave_spider":3,"minecraft:salmon":1,"minecraft:spider":2,"born_in_chaos_v1:skeleton_thrasher_not_despawn":1,"minecraft:creeper":1,"born_in_chaos_v1:decrepit_skeleton":2,"minecraft:skeleton":2,"minecraft:zombie":9,"iceandfire:ghost":1,"minecraft:stray":1,"alexsmobs:crow":1,"minecraft:skeleton_horse":2,"born_in_chaos_v1:firelight_not_despawn":3,"minecraft:cow":4},"minecraft:custom":{"minecraft:interact_with_furnace":2,"minecraft:mob_kills":37,"minecraft:interact_with_crafting_table":7,"minecraft:open_barrel":20,"minecraft:damage_dealt_resisted":1921,"minecraft:time_since_death":29554,"minecraft:sleep_in_bed":3,"minecraft:climb_one_cm":5426,"minecraft:time_since_rest":14653,"minecraft:sprint_one_cm":162390,"minecraft:damage_absorbed":45,"minecraft:damage_taken":3170,"minecraft:walk_one_cm":109200,"minecraft:trigger_trapped_chest":2,"minecraft:drop":26,"minecraft:damage_dealt":5539,"minecraft:swim_one_cm":4306,"minecraft:fly_one_cm":163927,"minecraft:open_chest":26,"minecraft:crouch_one_cm":3716,"minecraft:play_time":53471,"minecraft:deaths":6,"tombstone:undead_killed":20,"minecraft:sneak_time":1472,"minecraft:walk_under_water_one_cm":2900,"minecraft:boat_one_cm":46980,"minecraft:jump":810,"minecraft:walk_on_water_one_cm":3491,"minecraft:total_world_time":53471,"minecraft:fall_one_cm":22337}},"DataVersion":3465}