{"stats":{"minecraft:used":{"minecraft:stone_sword":3,"minecraft:chest":1,"minecraft:iron_sword":191,"tombstone:lollipop":1,"minecraft:dirt":8,"born_in_chaos_v1:chipped_black_argillite_brick":1,"minecraft:bow":10,"tombstone:gift":6,"minecraft:trapped_chest":1,"born_in_chaos_v1:black_argillite_brick_slab":2,"minecraft:water_bucket":1,"minecraft:birch_planks":31,"minecraft:stone_pickaxe":19,"minecraft:birch_boat":3,"minecraft:wooden_pickaxe":35,"minecraft:jungle_boat":1,"minecraft:golden_apple":1,"minecraft:crafting_table":6,"minecraft:black_bed":2,"minecraft:diamond_pickaxe":3,"minecraft:apple":25,"minecraft:bread":21,"tombstone:magic_scroll":1,"tombstone:grave_key":4,"minecraft:stone_axe":40,"minecraft:cobblestone":4,"minecraft:bucket":2},"minecraft:crafted":{"minecraft:birch_boat":2,"minecraft:stone_pickaxe":1,"minecraft:chest":1,"minecraft:dark_oak_planks":4,"minecraft:crafting_table":4,"minecraft:jungle_boat":1,"minecraft:wooden_pickaxe":1,"minecraft:birch_planks":100,"minecraft:stone_axe":1,"minecraft:jungle_planks":8,"minecraft:iron_ingot":18,"minecraft:stick":24,"minecraft:stone_sword":1},"minecraft:picked_up":{"majruszsdifficulty:tattered_boots":1,"minecraft:crafting_table":3,"born_in_chaos_v1:seedof_chaos":4,"minecraft:wither_rose":1,"minecraft:enchanted_book":6,"minecraft:chain":1,"minecraft:string":4,"born_in_chaos_v1:intoxicating_decoction":1,"minecraft:beef":7,"apotheosis:gem":6,"born_in_chaos_v1:shattered_skull":2,"born_in_chaos_v1:phantom_powder":4,"minecraft:shulker_spawn_egg":1,"tombstone:grave_dust":13,"born_in_chaos_v1:pieceofdarkmetal":3,"tombstone:lollipop":1,"minecraft:arrow":8,"minecraft:rotten_flesh":14,"minecraft:iron_block":2,"minecraft:cobblestone":19,"minecraft:birch_log":24,"minecraft:feather":2,"born_in_chaos_v1:spiritual_dust":7,"minecraft:water_bucket":1,"minecraft:salmon":1,"minecraft:black_bed":2,"minecraft:leather":5,"minecraft:birch_planks":4,"minecraft:gunpowder":2,"minecraft:dirt":8,"tombstone:gift":1,"minecraft:bone":14,"minecraft:wheat_seeds":1,"minecraft:iron_ingot":6,"born_in_chaos_v1:chipped_black_argillite_brick":1,"tombstone:bag_of_seeds":1,"minecraft:iron_sword":1,"minecraft:book":57,"born_in_chaos_v1:zombie_clown_spawn_egg":1,"minecraft:birch_boat":1,"born_in_chaos_v1:orbofthe_summoner":2,"minecraft:trapped_chest":1,"minecraft:spider_eye":1,"born_in_chaos_v1:black_argillite_brick_slab":2,"tombstone:magic_scroll":2},"minecraft:dropped":{"minecraft:water_bucket":1,"minecraft:enchanted_book":2,"born_in_chaos_v1:intoxicating_decoction":1,"minecraft:iron_sword":1,"minecraft:birch_planks":3,"minecraft:wheat_seeds":1,"minecraft:feather":6,"minecraft:cobblestone":7,"minecraft:jungle_planks":1,"minecraft:coal":4,"minecraft:diamond_horse_armor":1,"tombstone:grave_dust":10,"minecraft:chain":1,"minecraft:wither_rose":1,"minecraft:string":2,"minecraft:bone":9,"minecraft:stone_sword":1,"alexsmobs:animal_dictionary":1,"minecraft:rotten_flesh":14,"iceandfire:amphithere_arrow":1,"minecraft:salmon":1,"minecraft:gunpowder":11,"minecraft:jungle_stairs":2,"minecraft:ladder":2,"minecraft:stone_pickaxe":1,"minecraft:beef":7},"minecraft:killed_by":{"minecraft:player":1,"minecraft:vex":1},"minecraft:mined":{"minecraft:grass_block":3,"born_in_chaos_v1:black_argillite":1,"minecraft:spawner":7,"minecraft:tall_seagrass":1,"minecraft:magma_block":2,"born_in_chaos_v1:black_argillite_brick_slab":1,"minecraft:fire":2,"minecraft:bookshelf":21,"minecraft:stone":18,"minecraft:iron_block":2,"minecraft:crafting_table":3,"minecraft:tall_grass":1,"minecraft:cobblestone":4,"born_in_chaos_v1:chipped_black_argillite_brick":1,"minecraft:chain":2,"minecraft:birch_planks":1,"minecraft:trapped_chest":1,"minecraft:birch_log":24,"minecraft:birch_leaves":10,"minecraft:black_bed":2,"born_in_chaos_v1:black_argillite_brick":1,"minecraft:grass":6,"minecraft:dirt":5,"minecraft:cobweb":1,"minecraft:red_mushroom_block":1,"minecraft:oak_leaves":1},"minecraft:custom":{"minecraft:mob_kills":83,"minecraft:interact_with_crafting_table":7,"minecraft:open_barrel":25,"minecraft:damage_dealt_resisted":3306,"minecraft:time_since_death":5327,"minecraft:climb_one_cm":5426,"minecraft:sprint_one_cm":205604,"minecraft:walk_one_cm":155821,"minecraft:drop":36,"tombstone:eaten_lollipop":1,"minecraft:play_time":65471,"minecraft:deaths":7,"minecraft:sneak_time":1783,"minecraft:walk_under_water_one_cm":4938,"minecraft:boat_one_cm":46980,"minecraft:jump":919,"minecraft:walk_on_water_one_cm":4345,"minecraft:total_world_time":65471,"minecraft:interact_with_furnace":2,"minecraft:sleep_in_bed":3,"minecraft:time_since_rest":5026,"minecraft:trigger_trapped_chest":2,"minecraft:damage_taken":4338,"minecraft:damage_absorbed":45,"minecraft:damage_dealt":9028,"minecraft:swim_one_cm":5315,"minecraft:fly_one_cm":176568,"minecraft:open_chest":40,"minecraft:crouch_one_cm":4692,"tombstone:undead_killed":50,"minecraft:fall_one_cm":24321},"minecraft:killed":{"born_in_chaos_v1:zombie_clown":1,"minecraft:vex":4,"minecraft:cave_spider":3,"minecraft:spider":11,"born_in_chaos_v1:skeleton_thrasher_not_despawn":1,"born_in_chaos_v1:siamese_skeletonsright":1,"born_in_chaos_v1:baby_skeleton_minion":4,"minecraft:skeleton":6,"born_in_chaos_v1:corpse_fish":1,"born_in_chaos_v1:supreme_bonescaller_stage_2":1,"minecraft:skeleton_horse":2,"born_in_chaos_v1:firelight_not_despawn":3,"minecraft:husk":1,"born_in_chaos_v1:bonescaller":1,"born_in_chaos_v1:bone_imp_minion":13,"minecraft:salmon":1,"minecraft:creeper":1,"born_in_chaos_v1:decrepit_skeleton":2,"born_in_chaos_v1:phantom_creeper_copy":2,"minecraft:zombie":11,"iceandfire:ghost":1,"born_in_chaos_v1:bonescaller_not_despawn":2,"minecraft:stray":2,"alexsmobs:crow":1,"born_in_chaos_v1:siamese_skeletonsleft":1,"minecraft:cow":4},"minecraft:broken":{"minecraft:leather_helmet":1,"majruszsdifficulty:tattered_boots":1}},"DataVersion":3465}