{"stats":{"minecraft:used":{"minecraft:stone_sword":3,"minecraft:chest":1,"minecraft:iron_sword":278,"tombstone:lollipop":5,"minecraft:dirt":17,"minecraft:milk_bucket":1,"born_in_chaos_v1:chipped_black_argillite_brick":1,"minecraft:bow":10,"minecraft:furnace":1,"tombstone:gift":6,"minecraft:trapped_chest":1,"born_in_chaos_v1:black_argillite_brick_slab":2,"minecraft:water_bucket":1,"minecraft:birch_planks":33,"minecraft:stone_pickaxe":19,"minecraft:birch_boat":3,"minecraft:wooden_pickaxe":53,"minecraft:jungle_boat":1,"minecraft:golden_apple":1,"minecraft:crafting_table":7,"minecraft:black_bed":2,"minecraft:diamond_pickaxe":83,"minecraft:apple":25,"majruszsdifficulty:undead_army_treasure_bag":1,"minecraft:bread":35,"minecraft:string":1,"tombstone:magic_scroll":3,"tombstone:grave_key":4,"minecraft:stone_axe":63,"minecraft:cobblestone":4,"majruszsdifficulty:bandage":6,"minecraft:bucket":2},"minecraft:crafted":{"minecraft:magenta_wool":2,"minecraft:birch_boat":2,"minecraft:furnace":1,"minecraft:bone_meal":9,"minecraft:glass":12,"minecraft:stone_pickaxe":1,"minecraft:chest":2,"minecraft:dark_oak_planks":4,"minecraft:magenta_dye":2,"minecraft:crafting_table":5,"minecraft:jungle_boat":1,"travelersbackpack:backpack_tank":2,"minecraft:wooden_pickaxe":2,"travelersbackpack:standard":1,"minecraft:birch_planks":112,"minecraft:stone_axe":1,"minecraft:air":0,"minecraft:jungle_planks":8,"minecraft:string":12,"minecraft:white_wool":3,"minecraft:iron_ingot":18,"minecraft:stick":28,"minecraft:stone_sword":1,"travelersbackpack:magenta_sleeping_bag":1},"minecraft:picked_up":{"majruszsdifficulty:tattered_boots":1,"minecraft:crafting_table":3,"minecraft:leather_leggings":1,"born_in_chaos_v1:seedof_chaos":4,"minecraft:wither_rose":1,"minecraft:enchanted_book":7,"minecraft:chain":1,"minecraft:string":7,"born_in_chaos_v1:intoxicating_decoction":1,"minecraft:beef":7,"minecraft:sugar_cane":3,"minecraft:iron_boots":1,"minecraft:stone":55,"apotheosis:gem":12,"born_in_chaos_v1:shattered_skull":2,"born_in_chaos_v1:phantom_powder":4,"minecraft:shulker_spawn_egg":1,"tombstone:grave_dust":17,"born_in_chaos_v1:pieceofdarkmetal":3,"tombstone:lollipop":5,"minecraft:arrow":17,"minecraft:rotten_flesh":43,"minecraft:iron_block":2,"minecraft:cobblestone":30,"minecraft:birch_log":46,"born_in_chaos_v1:corpse_maggot":1,"minecraft:feather":2,"minecraft:lilac":3,"born_in_chaos_v1:spiritual_dust":7,"minecraft:water_bucket":1,"minecraft:salmon":1,"minecraft:black_bed":3,"minecraft:leather":7,"majruszsdifficulty:cloth":12,"minecraft:birch_planks":5,"minecraft:gunpowder":2,"minecraft:dirt":17,"tombstone:gift":1,"minecraft:bone":26,"minecraft:bow":1,"minecraft:wheat_seeds":1,"majruszsdifficulty:tattered_leggings":2,"minecraft:iron_ingot":6,"born_in_chaos_v1:chipped_black_argillite_brick":1,"tombstone:bag_of_seeds":2,"minecraft:iron_sword":1,"minecraft:book":57,"born_in_chaos_v1:zombie_clown_spawn_egg":1,"minecraft:birch_boat":1,"born_in_chaos_v1:orbofthe_summoner":2,"minecraft:sand":12,"majruszsdifficulty:bandage":6,"minecraft:trapped_chest":1,"minecraft:spider_eye":2,"minecraft:bundle":1,"born_in_chaos_v1:black_argillite_brick_slab":2,"tombstone:magic_scroll":6,"minecraft:coal":17},"minecraft:dropped":{"minecraft:water_bucket":1,"minecraft:enchanted_book":2,"born_in_chaos_v1:intoxicating_decoction":1,"minecraft:iron_sword":1,"born_in_chaos_v1:shattered_skull":3,"minecraft:birch_planks":3,"minecraft:wheat_seeds":1,"minecraft:lilac":2,"minecraft:feather":6,"minecraft:cobblestone":10,"minecraft:leather":3,"minecraft:jungle_planks":1,"minecraft:coal":4,"minecraft:stick":2,"tombstone:bag_of_seeds":1,"minecraft:diamond_horse_armor":1,"born_in_chaos_v1:phantom_powder":4,"tombstone:grave_dust":16,"minecraft:chain":1,"minecraft:bone_meal":9,"minecraft:wither_rose":1,"majruszsdifficulty:tattered_leggings":2,"minecraft:string":4,"minecraft:bucket":1,"minecraft:bone":32,"minecraft:sugar_cane":3,"minecraft:stone_sword":1,"alexsmobs:animal_dictionary":1,"minecraft:rotten_flesh":41,"iceandfire:amphithere_arrow":1,"minecraft:salmon":1,"minecraft:stone":1,"minecraft:gunpowder":11,"minecraft:bundle":1,"minecraft:jungle_stairs":2,"born_in_chaos_v1:corpse_maggot":1,"apotheosis:gem":4,"minecraft:ladder":2,"minecraft:leather_leggings":1,"minecraft:spider_eye":1,"minecraft:bow":1,"minecraft:arrow":13,"minecraft:wooden_pickaxe":1,"minecraft:stone_pickaxe":1,"minecraft:beef":7},"minecraft:killed_by":{"minecraft:player":1,"minecraft:vex":1},"minecraft:mined":{"minecraft:grass_block":6,"born_in_chaos_v1:black_argillite":1,"minecraft:spawner":7,"minecraft:tall_seagrass":1,"minecraft:magma_block":2,"born_in_chaos_v1:black_argillite_brick_slab":1,"minecraft:fire":2,"minecraft:bookshelf":21,"minecraft:stone":83,"minecraft:iron_block":2,"minecraft:tripwire":1,"minecraft:crafting_table":3,"minecraft:tall_grass":1,"minecraft:cobblestone":4,"born_in_chaos_v1:chipped_black_argillite_brick":1,"minecraft:sugar_cane":1,"minecraft:diorite":9,"minecraft:chain":2,"minecraft:birch_planks":2,"minecraft:trapped_chest":1,"minecraft:birch_log":46,"minecraft:lilac":4,"minecraft:birch_leaves":12,"minecraft:black_bed":3,"born_in_chaos_v1:black_argillite_brick":1,"minecraft:grass":8,"minecraft:coal_ore":17,"minecraft:sand":17,"minecraft:dirt":11,"minecraft:cobweb":1,"minecraft:red_mushroom_block":1,"minecraft:oak_leaves":1},"minecraft:custom":{"minecraft:mob_kills":148,"minecraft:interact_with_crafting_table":16,"minecraft:open_barrel":33,"minecraft:damage_dealt_resisted":3651,"minecraft:time_since_death":4795,"minecraft:climb_one_cm":5426,"minecraft:sprint_one_cm":293100,"minecraft:walk_one_cm":218014,"minecraft:drop":77,"tombstone:eaten_lollipop":5,"minecraft:play_time":89471,"minecraft:deaths":8,"minecraft:sneak_time":2041,"minecraft:walk_under_water_one_cm":5228,"minecraft:boat_one_cm":46980,"minecraft:jump":1280,"minecraft:walk_on_water_one_cm":6893,"minecraft:total_world_time":89471,"minecraft:interact_with_furnace":12,"minecraft:sleep_in_bed":3,"minecraft:time_since_rest":4712,"minecraft:trigger_trapped_chest":2,"minecraft:damage_taken":5826,"minecraft:damage_absorbed":45,"minecraft:damage_dealt":15347,"minecraft:swim_one_cm":10740,"minecraft:fly_one_cm":267436,"minecraft:open_chest":56,"minecraft:crouch_one_cm":5163,"tombstone:undead_killed":99,"minecraft:fall_one_cm":30160},"minecraft:killed":{"born_in_chaos_v1:zombie_clown":1,"minecraft:vex":4,"minecraft:cave_spider":3,"minecraft:spider":13,"born_in_chaos_v1:skeleton_thrasher_not_despawn":1,"born_in_chaos_v1:siamese_skeletonsright":2,"born_in_chaos_v1:zombie_bruiser":1,"born_in_chaos_v1:baby_skeleton_minion":4,"born_in_chaos_v1:maggot":11,"minecraft:skeleton":17,"realmrpg_demons:chort":2,"born_in_chaos_v1:corpse_fish":1,"born_in_chaos_v1:supreme_bonescaller_stage_2":1,"minecraft:skeleton_horse":2,"born_in_chaos_v1:firelight_not_despawn":3,"minecraft:husk":4,"born_in_chaos_v1:bonescaller":1,"born_in_chaos_v1:bone_imp_minion":13,"minecraft:salmon":1,"majruszsdifficulty:tank":1,"warriorsofpastepoch:skeleton_musketeer":1,"minecraft:creeper":2,"born_in_chaos_v1:decrepit_skeleton":2,"born_in_chaos_v1:phantom_creeper_copy":2,"minecraft:zombie":37,"iceandfire:ghost":1,"born_in_chaos_v1:bonescaller_not_despawn":2,"minecraft:stray":6,"alexsmobs:crow":1,"born_in_chaos_v1:siamese_skeletonsleft":2,"minecraft:cow":4},"minecraft:broken":{"minecraft:leather_helmet":1,"majruszsdifficulty:tattered_boots":1}},"DataVersion":3465}