{"stats":{"minecraft:used":{"minecraft:apple":2,"minecraft:dirt":1,"minecraft:crafting_table":1,"tombstone:gift":1,"minecraft:wooden_pickaxe":17,"tombstone:grave_key":1},"minecraft:crafted":{"minecraft:birch_planks":16,"minecraft:crafting_table":1,"minecraft:stick":4,"minecraft:wooden_pickaxe":1},"minecraft:picked_up":{"minecraft:crafting_table":1,"minecraft:feather":2,"minecraft:shulker_spawn_egg":1,"tombstone:magic_scroll":1,"minecraft:dirt":2,"minecraft:birch_log":7},"minecraft:dropped":{"minecraft:feather":2},"minecraft:killed_by":{"minecraft:player":1},"minecraft:mined":{"minecraft:grass":2,"minecraft:grass_block":1,"minecraft:dirt":1,"minecraft:birch_log":7,"minecraft:birch_leaves":10,"minecraft:crafting_table":1},"minecraft:killed":{"iceandfire:ghost":1},"minecraft:custom":{"minecraft:open_barrel":1,"minecraft:time_since_rest":155,"tombstone:undead_killed":1,"minecraft:crouch_one_cm":3082,"minecraft:walk_one_cm":22153,"minecraft:play_time":17471,"minecraft:sprint_one_cm":16992,"minecraft:damage_taken":1385,"minecraft:deaths":3,"minecraft:sneak_time":1051,"minecraft:mob_kills":2,"minecraft:drop":2,"minecraft:damage_dealt_resisted":0,"minecraft:jump":156,"minecraft:damage_dealt":363,"minecraft:time_since_death":778,"minecraft:total_world_time":17471,"minecraft:interact_with_crafting_table":1,"minecraft:fall_one_cm":3941,"minecraft:fly_one_cm":33554}},"DataVersion":3465}