{"stats":{"minecraft:used":{"minecraft:stone_sword":3,"minecraft:birch_planks":10,"minecraft:wooden_pickaxe":35,"minecraft:birch_boat":2,"minecraft:iron_sword":60,"minecraft:jungle_boat":1,"minecraft:golden_apple":1,"minecraft:dirt":7,"minecraft:crafting_table":4,"minecraft:black_bed":1,"minecraft:apple":14,"tombstone:magic_scroll":1,"tombstone:grave_key":3,"minecraft:stone_axe":34,"minecraft:bow":9,"minecraft:bucket":1,"tombstone:gift":4,"minecraft:trapped_chest":1},"minecraft:crafted":{"minecraft:crafting_table":2,"minecraft:jungle_boat":1,"minecraft:wooden_pickaxe":1,"minecraft:birch_boat":1,"minecraft:birch_planks":100,"minecraft:stone_axe":1,"minecraft:jungle_planks":8,"minecraft:stick":24,"minecraft:stone_pickaxe":1,"minecraft:stone_sword":1,"minecraft:dark_oak_planks":4},"minecraft:picked_up":{"minecraft:birch_log":24,"majruszsdifficulty:tattered_boots":1,"minecraft:crafting_table":3,"minecraft:feather":2,"minecraft:water_bucket":1,"minecraft:salmon":1,"minecraft:black_bed":2,"minecraft:enchanted_book":6,"minecraft:wither_rose":1,"minecraft:gunpowder":2,"minecraft:dirt":7,"tombstone:gift":1,"born_in_chaos_v1:intoxicating_decoction":1,"minecraft:bone":1,"minecraft:iron_ingot":6,"minecraft:book":42,"apotheosis:gem":3,"born_in_chaos_v1:zombie_clown_spawn_egg":1,"minecraft:birch_boat":1,"tombstone:grave_dust":3,"minecraft:shulker_spawn_egg":1,"minecraft:trapped_chest":1,"minecraft:arrow":2,"minecraft:rotten_flesh":9,"tombstone:magic_scroll":2,"minecraft:cobblestone":18},"minecraft:dropped":{"minecraft:enchanted_book":2,"minecraft:water_bucket":1,"born_in_chaos_v1:intoxicating_decoction":1,"minecraft:stone_sword":1,"minecraft:feather":6,"minecraft:rotten_flesh":9,"iceandfire:amphithere_arrow":1,"minecraft:jungle_planks":1,"minecraft:salmon":1,"minecraft:diamond_horse_armor":1,"minecraft:gunpowder":3,"minecraft:jungle_stairs":2,"minecraft:ladder":2,"tombstone:grave_dust":2,"minecraft:wither_rose":1,"minecraft:bone":1},"minecraft:killed_by":{"minecraft:player":1},"minecraft:mined":{"minecraft:crafting_table":3,"minecraft:grass_block":2,"minecraft:trapped_chest":1,"minecraft:birch_log":24,"minecraft:birch_leaves":10,"minecraft:black_bed":2,"minecraft:grass":2,"minecraft:bookshelf":15,"minecraft:dirt":5,"minecraft:red_mushroom_block":1,"minecraft:stone":18},"minecraft:killed":{"born_in_chaos_v1:zombie_clown":1,"minecraft:husk":1,"minecraft:salmon":1,"minecraft:creeper":1,"born_in_chaos_v1:decrepit_skeleton":1,"minecraft:skeleton":1,"minecraft:zombie":7,"iceandfire:ghost":1,"alexsmobs:crow":1,"minecraft:skeleton_horse":1},"minecraft:custom":{"minecraft:interact_with_furnace":2,"minecraft:mob_kills":18,"minecraft:interact_with_crafting_table":5,"minecraft:open_barrel":20,"minecraft:damage_dealt_resisted":0,"minecraft:time_since_death":17554,"minecraft:sleep_in_bed":3,"minecraft:climb_one_cm":4510,"minecraft:time_since_rest":2653,"minecraft:sprint_one_cm":87228,"minecraft:damage_absorbed":45,"minecraft:damage_taken":2535,"minecraft:walk_one_cm":70713,"minecraft:trigger_trapped_chest":2,"minecraft:drop":19,"minecraft:damage_dealt":3427,"minecraft:swim_one_cm":1728,"minecraft:fly_one_cm":95951,"minecraft:open_chest":16,"minecraft:crouch_one_cm":3262,"minecraft:play_time":41471,"minecraft:deaths":6,"tombstone:undead_killed":13,"minecraft:sneak_time":1208,"minecraft:walk_under_water_one_cm":2722,"minecraft:boat_one_cm":34965,"minecraft:jump":484,"minecraft:walk_on_water_one_cm":2409,"minecraft:total_world_time":41471,"minecraft:fall_one_cm":13945}},"DataVersion":3465}