{"stats":{"minecraft:used":{"minecraft:stone_sword":3,"minecraft:chest":1,"minecraft:iron_sword":229,"tombstone:lollipop":1,"minecraft:dirt":14,"born_in_chaos_v1:chipped_black_argillite_brick":1,"minecraft:bow":10,"minecraft:furnace":1,"tombstone:gift":6,"minecraft:trapped_chest":1,"born_in_chaos_v1:black_argillite_brick_slab":2,"minecraft:water_bucket":1,"minecraft:birch_planks":33,"minecraft:stone_pickaxe":19,"minecraft:birch_boat":3,"minecraft:wooden_pickaxe":53,"minecraft:jungle_boat":1,"minecraft:golden_apple":1,"minecraft:crafting_table":7,"minecraft:black_bed":2,"minecraft:diamond_pickaxe":8,"minecraft:apple":25,"majruszsdifficulty:undead_army_treasure_bag":1,"minecraft:bread":28,"minecraft:string":1,"tombstone:magic_scroll":2,"tombstone:grave_key":4,"minecraft:stone_axe":63,"minecraft:cobblestone":4,"majruszsdifficulty:bandage":6,"minecraft:bucket":2},"minecraft:crafted":{"minecraft:birch_boat":2,"minecraft:furnace":1,"minecraft:glass":12,"minecraft:stone_pickaxe":1,"minecraft:chest":1,"minecraft:dark_oak_planks":4,"minecraft:crafting_table":5,"minecraft:jungle_boat":1,"travelersbackpack:backpack_tank":2,"minecraft:wooden_pickaxe":2,"minecraft:birch_planks":104,"minecraft:stone_axe":1,"minecraft:air":0,"minecraft:jungle_planks":8,"minecraft:string":12,"minecraft:white_wool":3,"minecraft:iron_ingot":18,"minecraft:stick":28,"minecraft:stone_sword":1},"minecraft:picked_up":{"majruszsdifficulty:tattered_boots":1,"minecraft:crafting_table":3,"born_in_chaos_v1:seedof_chaos":4,"minecraft:wither_rose":1,"minecraft:enchanted_book":7,"minecraft:chain":1,"minecraft:string":5,"born_in_chaos_v1:intoxicating_decoction":1,"minecraft:beef":7,"minecraft:sugar_cane":3,"minecraft:stone":1,"apotheosis:gem":9,"born_in_chaos_v1:shattered_skull":2,"born_in_chaos_v1:phantom_powder":4,"minecraft:shulker_spawn_egg":1,"tombstone:grave_dust":17,"born_in_chaos_v1:pieceofdarkmetal":3,"tombstone:lollipop":1,"minecraft:arrow":14,"minecraft:rotten_flesh":21,"minecraft:iron_block":2,"minecraft:cobblestone":29,"minecraft:birch_log":46,"minecraft:feather":2,"born_in_chaos_v1:spiritual_dust":7,"minecraft:water_bucket":1,"minecraft:salmon":1,"minecraft:black_bed":2,"minecraft:leather":5,"majruszsdifficulty:cloth":12,"minecraft:birch_planks":5,"minecraft:gunpowder":2,"minecraft:dirt":14,"tombstone:gift":1,"minecraft:bone":22,"minecraft:wheat_seeds":1,"majruszsdifficulty:tattered_leggings":2,"minecraft:iron_ingot":6,"born_in_chaos_v1:chipped_black_argillite_brick":1,"tombstone:bag_of_seeds":1,"minecraft:iron_sword":1,"minecraft:book":57,"born_in_chaos_v1:zombie_clown_spawn_egg":1,"minecraft:birch_boat":1,"born_in_chaos_v1:orbofthe_summoner":2,"minecraft:sand":12,"majruszsdifficulty:bandage":6,"minecraft:trapped_chest":1,"minecraft:spider_eye":1,"minecraft:bundle":1,"born_in_chaos_v1:black_argillite_brick_slab":2,"tombstone:magic_scroll":5},"minecraft:dropped":{"minecraft:water_bucket":1,"minecraft:enchanted_book":2,"born_in_chaos_v1:intoxicating_decoction":1,"minecraft:iron_sword":1,"born_in_chaos_v1:shattered_skull":3,"minecraft:birch_planks":3,"minecraft:wheat_seeds":1,"minecraft:feather":6,"minecraft:cobblestone":8,"minecraft:jungle_planks":1,"minecraft:coal":4,"minecraft:stick":2,"minecraft:diamond_horse_armor":1,"born_in_chaos_v1:phantom_powder":4,"tombstone:grave_dust":10,"minecraft:chain":1,"minecraft:wither_rose":1,"majruszsdifficulty:tattered_leggings":2,"minecraft:string":2,"minecraft:bone":31,"minecraft:stone_sword":1,"alexsmobs:animal_dictionary":1,"minecraft:rotten_flesh":21,"iceandfire:amphithere_arrow":1,"minecraft:salmon":1,"minecraft:stone":1,"minecraft:gunpowder":11,"minecraft:bundle":1,"minecraft:jungle_stairs":2,"apotheosis:gem":3,"minecraft:ladder":2,"minecraft:wooden_pickaxe":1,"minecraft:stone_pickaxe":1,"minecraft:beef":7},"minecraft:killed_by":{"minecraft:player":1,"minecraft:vex":1},"minecraft:mined":{"minecraft:grass_block":5,"born_in_chaos_v1:black_argillite":1,"minecraft:spawner":7,"minecraft:tall_seagrass":1,"minecraft:magma_block":2,"born_in_chaos_v1:black_argillite_brick_slab":1,"minecraft:fire":2,"minecraft:bookshelf":21,"minecraft:stone":28,"minecraft:iron_block":2,"minecraft:tripwire":1,"minecraft:crafting_table":3,"minecraft:tall_grass":1,"minecraft:cobblestone":4,"born_in_chaos_v1:chipped_black_argillite_brick":1,"minecraft:sugar_cane":1,"minecraft:diorite":9,"minecraft:chain":2,"minecraft:birch_planks":2,"minecraft:trapped_chest":1,"minecraft:birch_log":46,"minecraft:birch_leaves":11,"minecraft:black_bed":2,"born_in_chaos_v1:black_argillite_brick":1,"minecraft:grass":6,"minecraft:sand":17,"minecraft:dirt":9,"minecraft:cobweb":1,"minecraft:red_mushroom_block":1,"minecraft:oak_leaves":1},"minecraft:custom":{"minecraft:mob_kills":118,"minecraft:interact_with_crafting_table":13,"minecraft:open_barrel":33,"minecraft:damage_dealt_resisted":3381,"minecraft:time_since_death":17327,"minecraft:climb_one_cm":5426,"minecraft:sprint_one_cm":235221,"minecraft:walk_one_cm":174531,"minecraft:drop":52,"tombstone:eaten_lollipop":1,"minecraft:play_time":77471,"minecraft:deaths":7,"minecraft:sneak_time":2037,"minecraft:walk_under_water_one_cm":5228,"minecraft:boat_one_cm":46980,"minecraft:jump":1052,"minecraft:walk_on_water_one_cm":6186,"minecraft:total_world_time":77471,"minecraft:interact_with_furnace":7,"minecraft:sleep_in_bed":3,"minecraft:time_since_rest":17026,"minecraft:trigger_trapped_chest":2,"minecraft:damage_taken":4776,"minecraft:damage_absorbed":45,"minecraft:damage_dealt":12023,"minecraft:swim_one_cm":10740,"minecraft:fly_one_cm":197021,"minecraft:open_chest":47,"minecraft:crouch_one_cm":5163,"tombstone:undead_killed":79,"minecraft:fall_one_cm":25695},"minecraft:killed":{"born_in_chaos_v1:zombie_clown":1,"minecraft:vex":4,"minecraft:cave_spider":3,"minecraft:spider":12,"born_in_chaos_v1:skeleton_thrasher_not_despawn":1,"born_in_chaos_v1:siamese_skeletonsright":1,"born_in_chaos_v1:baby_skeleton_minion":4,"born_in_chaos_v1:maggot":4,"minecraft:skeleton":16,"born_in_chaos_v1:corpse_fish":1,"born_in_chaos_v1:supreme_bonescaller_stage_2":1,"minecraft:skeleton_horse":2,"born_in_chaos_v1:firelight_not_despawn":3,"minecraft:husk":4,"born_in_chaos_v1:bonescaller":1,"born_in_chaos_v1:bone_imp_minion":13,"minecraft:salmon":1,"majruszsdifficulty:tank":1,"minecraft:creeper":2,"born_in_chaos_v1:decrepit_skeleton":2,"born_in_chaos_v1:phantom_creeper_copy":2,"minecraft:zombie":23,"iceandfire:ghost":1,"born_in_chaos_v1:bonescaller_not_despawn":2,"minecraft:stray":5,"alexsmobs:crow":1,"born_in_chaos_v1:siamese_skeletonsleft":1,"minecraft:cow":4},"minecraft:broken":{"minecraft:leather_helmet":1,"majruszsdifficulty:tattered_boots":1}},"DataVersion":3465}