{"stats":{"minecraft:used":{"minecraft:creeper_spawn_egg":144,"iceandfire:spawn_egg_death_worm":11},"minecraft:picked_up":{"minecraft:bone":1,"minecraft:gunpowder":2,"minecraft:dirt":32},"minecraft:dropped":{"minecraft:shulker_spawn_egg":1,"minecraft:gunpowder":2},"minecraft:custom":{"minecraft:jump":115,"minecraft:time_since_rest":17086,"minecraft:damage_dealt":364,"minecraft:crouch_one_cm":1291,"minecraft:leave_game":1,"minecraft:sprint_one_cm":8515,"minecraft:play_time":17086,"minecraft:time_since_death":17086,"minecraft:walk_one_cm":18481,"minecraft:sneak_time":1283,"minecraft:total_world_time":17086,"minecraft:drop":3,"minecraft:fly_one_cm":209365,"minecraft:player_kills":1}},"DataVersion":3465}